speaker,AT,GT
speaker0,0.311111111111111,0.117562724014337
speaker1,0.309677419354839,0.306810035842294
speaker2,0.37921146953405,0.575627240143369
